row_index,inquiry,segment,city,language_name,text,reference_audio,synth_audio,ground_truth_copy,transcription,model_config,model_checkpoint,model_info
0,NURC_RE_DID_001,NURC_RE_DID_001_Inf-ue_937_2148.897_2155.569.wav,recife,recife,mas normalmente eu acho muito perigoso principalmente numa avenida que tem muito movimento,/workspace/data/data/inference_data/NURC_RE_DID_001_Inf-ue_937_2148.897_2155.569.wav,/workspace/data/data/inference_results/NURC_RE_DID_001_Inf-ue_937_2148.897_2155.569-syntacc-tornado-750Ksteps.wav,/workspace/data/data/inference_results/NURC_RE_DID_001_Inf-ue_937_2148.897_2155.569-gt.wav,/workspace/data/data/inference_results/NURC_RE_DID_001_Inf-ue_937_2148.897_2155.569-gt.txt,/workspace/data/checkpoints/YourTTS-Syntacc-PT_NURC-September-02-2026_02+35AM-bf39f425/config.json,/workspace/data/checkpoints/YourTTS-Syntacc-PT_NURC-September-02-2026_02+35AM-bf39f425/checkpoint_750000.pth,syntacc-tornado-750Ksteps.wav
1,NURC_RE_DID_001,NURC_RE_DID_001_Inf-ue_151_102.667_108.248.wav,recife,recife,e posteriormente fui conduzido para a escola academia militar de agulhas negras,/workspace/data/data/inference_data/NURC_RE_DID_001_Inf-ue_151_102.667_108.248.wav,/workspace/data/data/inference_results/NURC_RE_DID_001_Inf-ue_151_102.667_108.248-syntacc-tornado-750Ksteps.wav,/workspace/data/data/inference_results/NURC_RE_DID_001_Inf-ue_151_102.667_108.248-gt.wav,/workspace/data/data/inference_results/NURC_RE_DID_001_Inf-ue_151_102.667_108.248-gt.txt,/workspace/data/checkpoints/YourTTS-Syntacc-PT_NURC-September-02-2026_02+35AM-bf39f425/config.json,/workspace/data/checkpoints/YourTTS-Syntacc-PT_NURC-September-02-2026_02+35AM-bf39f425/checkpoint_750000.pth,syntacc-tornado-750Ksteps.wav
2,NURC_RE_DID_001,NURC_RE_DID_001_Inf-ue_558_1149.132_1154.554.wav,recife,recife,em primeiro lugar eu faria uma viagem à europa isso por uma razão muito simples,/workspace/data/data/inference_data/NURC_RE_DID_001_Inf-ue_558_1149.132_1154.554.wav,/workspace/data/data/inference_results/NURC_RE_DID_001_Inf-ue_558_1149.132_1154.554-syntacc-tornado-750Ksteps.wav,/workspace/data/data/inference_results/NURC_RE_DID_001_Inf-ue_558_1149.132_1154.554-gt.wav,/workspace/data/data/inference_results/NURC_RE_DID_001_Inf-ue_558_1149.132_1154.554-gt.txt,/workspace/data/checkpoints/YourTTS-Syntacc-PT_NURC-September-02-2026_02+35AM-bf39f425/config.json,/workspace/data/checkpoints/YourTTS-Syntacc-PT_NURC-September-02-2026_02+35AM-bf39f425/checkpoint_750000.pth,syntacc-tornado-750Ksteps.wav
3,NURC_RE_DID_001,NURC_RE_DID_001_Inf-ue_420_832.051_836.831.wav,recife,recife,mas nem todo conforto advém do progresso pelo menos é essa minha opinião,/workspace/data/data/inference_data/NURC_RE_DID_001_Inf-ue_420_832.051_836.831.wav,/workspace/data/data/inference_results/NURC_RE_DID_001_Inf-ue_420_832.051_836.831-syntacc-tornado-750Ksteps.wav,/workspace/data/data/inference_results/NURC_RE_DID_001_Inf-ue_420_832.051_836.831-gt.wav,/workspace/data/data/inference_results/NURC_RE_DID_001_Inf-ue_420_832.051_836.831-gt.txt,/workspace/data/checkpoints/YourTTS-Syntacc-PT_NURC-September-02-2026_02+35AM-bf39f425/config.json,/workspace/data/checkpoints/YourTTS-Syntacc-PT_NURC-September-02-2026_02+35AM-bf39f425/checkpoint_750000.pth,syntacc-tornado-750Ksteps.wav
4,NURC_RE_DID_001,NURC_RE_DID_001_Inf-ue_200_243.659_247.495.wav,recife,recife,no lugar de ser um oficial de marinha me tornei um oficial do exército,/workspace/data/data/inference_data/NURC_RE_DID_001_Inf-ue_200_243.659_247.495.wav,/workspace/data/data/inference_results/NURC_RE_DID_001_Inf-ue_200_243.659_247.495-syntacc-tornado-750Ksteps.wav,/workspace/data/data/inference_results/NURC_RE_DID_001_Inf-ue_200_243.659_247.495-gt.wav,/workspace/data/data/inference_results/NURC_RE_DID_001_Inf-ue_200_243.659_247.495-gt.txt,/workspace/data/checkpoints/YourTTS-Syntacc-PT_NURC-September-02-2026_02+35AM-bf39f425/config.json,/workspace/data/checkpoints/YourTTS-Syntacc-PT_NURC-September-02-2026_02+35AM-bf39f425/checkpoint_750000.pth,syntacc-tornado-750Ksteps.wav
5,NURC_RE_DID_013,NURC_RE_DID_013_Inf-ue_403_270.582_276.543.wav,recife,recife,agora nunca tinha visto as águas subirem tão depressa como eu vi,/workspace/data/data/inference_data/NURC_RE_DID_013_Inf-ue_403_270.582_276.543.wav,/workspace/data/data/inference_results/NURC_RE_DID_013_Inf-ue_403_270.582_276.543-syntacc-tornado-750Ksteps.wav,/workspace/data/data/inference_results/NURC_RE_DID_013_Inf-ue_403_270.582_276.543-gt.wav,/workspace/data/data/inference_results/NURC_RE_DID_013_Inf-ue_403_270.582_276.543-gt.txt,/workspace/data/checkpoints/YourTTS-Syntacc-PT_NURC-September-02-2026_02+35AM-bf39f425/config.json,/workspace/data/checkpoints/YourTTS-Syntacc-PT_NURC-September-02-2026_02+35AM-bf39f425/checkpoint_750000.pth,syntacc-tornado-750Ksteps.wav
6,NURC_RE_DID_013,NURC_RE_DID_013_Inf-ue_978_2263.632_2269.383.wav,recife,recife,às vezes se deixam muito levar pela fantasia eu mesma às vezes fui muitas vezes levada pela fantasia,/workspace/data/data/inference_data/NURC_RE_DID_013_Inf-ue_978_2263.632_2269.383.wav,/workspace/data/data/inference_results/NURC_RE_DID_013_Inf-ue_978_2263.632_2269.383-syntacc-tornado-750Ksteps.wav,/workspace/data/data/inference_results/NURC_RE_DID_013_Inf-ue_978_2263.632_2269.383-gt.wav,/workspace/data/data/inference_results/NURC_RE_DID_013_Inf-ue_978_2263.632_2269.383-gt.txt,/workspace/data/checkpoints/YourTTS-Syntacc-PT_NURC-September-02-2026_02+35AM-bf39f425/config.json,/workspace/data/checkpoints/YourTTS-Syntacc-PT_NURC-September-02-2026_02+35AM-bf39f425/checkpoint_750000.pth,syntacc-tornado-750Ksteps.wav
7,NURC_RE_DID_013,NURC_RE_DID_013_Inf-ue_335_58.972_64.457.wav,recife,recife,mas sempre estava em casa e lá eu sofri porque eu tive que sair e a água quase na cintura,/workspace/data/data/inference_data/NURC_RE_DID_013_Inf-ue_335_58.972_64.457.wav,/workspace/data/data/inference_results/NURC_RE_DID_013_Inf-ue_335_58.972_64.457-syntacc-tornado-750Ksteps.wav,/workspace/data/data/inference_results/NURC_RE_DID_013_Inf-ue_335_58.972_64.457-gt.wav,/workspace/data/data/inference_results/NURC_RE_DID_013_Inf-ue_335_58.972_64.457-gt.txt,/workspace/data/checkpoints/YourTTS-Syntacc-PT_NURC-September-02-2026_02+35AM-bf39f425/config.json,/workspace/data/checkpoints/YourTTS-Syntacc-PT_NURC-September-02-2026_02+35AM-bf39f425/checkpoint_750000.pth,syntacc-tornado-750Ksteps.wav
8,NURC_RE_DID_013,NURC_RE_DID_013_Inf-ue_653_1021.361_1026.36.wav,recife,recife,vou pra casa às vezes vou para o cinema às vezes vou pra casa de uma colega,/workspace/data/data/inference_data/NURC_RE_DID_013_Inf-ue_653_1021.361_1026.36.wav,/workspace/data/data/inference_results/NURC_RE_DID_013_Inf-ue_653_1021.361_1026.36-syntacc-tornado-750Ksteps.wav,/workspace/data/data/inference_results/NURC_RE_DID_013_Inf-ue_653_1021.361_1026.36-gt.wav,/workspace/data/data/inference_results/NURC_RE_DID_013_Inf-ue_653_1021.361_1026.36-gt.txt,/workspace/data/checkpoints/YourTTS-Syntacc-PT_NURC-September-02-2026_02+35AM-bf39f425/config.json,/workspace/data/checkpoints/YourTTS-Syntacc-PT_NURC-September-02-2026_02+35AM-bf39f425/checkpoint_750000.pth,syntacc-tornado-750Ksteps.wav
9,NURC_RE_DID_013,NURC_RE_DID_013_Inf-ue_676_1093.903_1097.634.wav,recife,recife,eu almoço aqui mesmo na biblioteca trago o almoço de casa,/workspace/data/data/inference_data/NURC_RE_DID_013_Inf-ue_676_1093.903_1097.634.wav,/workspace/data/data/inference_results/NURC_RE_DID_013_Inf-ue_676_1093.903_1097.634-syntacc-tornado-750Ksteps.wav,/workspace/data/data/inference_results/NURC_RE_DID_013_Inf-ue_676_1093.903_1097.634-gt.wav,/workspace/data/data/inference_results/NURC_RE_DID_013_Inf-ue_676_1093.903_1097.634-gt.txt,/workspace/data/checkpoints/YourTTS-Syntacc-PT_NURC-September-02-2026_02+35AM-bf39f425/config.json,/workspace/data/checkpoints/YourTTS-Syntacc-PT_NURC-September-02-2026_02+35AM-bf39f425/checkpoint_750000.pth,syntacc-tornado-750Ksteps.wav
10,NURC_RE_DID_025,NURC_RE_DID_025_Inf-ue_232_551.386_556.744.wav,recife,recife,anteontem mesmo eu fui assistir um filme gostei fui terminar quinze pras duas da madrugada,/workspace/data/data/inference_data/NURC_RE_DID_025_Inf-ue_232_551.386_556.744.wav,/workspace/data/data/inference_results/NURC_RE_DID_025_Inf-ue_232_551.386_556.744-syntacc-tornado-750Ksteps.wav,/workspace/data/data/inference_results/NURC_RE_DID_025_Inf-ue_232_551.386_556.744-gt.wav,/workspace/data/data/inference_results/NURC_RE_DID_025_Inf-ue_232_551.386_556.744-gt.txt,/workspace/data/checkpoints/YourTTS-Syntacc-PT_NURC-September-02-2026_02+35AM-bf39f425/config.json,/workspace/data/checkpoints/YourTTS-Syntacc-PT_NURC-September-02-2026_02+35AM-bf39f425/checkpoint_750000.pth,syntacc-tornado-750Ksteps.wav
11,NURC_RE_DID_025,NURC_RE_DID_025_Inf-ue_124_74.476_79.54.wav,recife,recife,a sala mesmo é num num sei assim o nome especial pra isso não,/workspace/data/data/inference_data/NURC_RE_DID_025_Inf-ue_124_74.476_79.54.wav,/workspace/data/data/inference_results/NURC_RE_DID_025_Inf-ue_124_74.476_79.54-syntacc-tornado-750Ksteps.wav,/workspace/data/data/inference_results/NURC_RE_DID_025_Inf-ue_124_74.476_79.54-gt.wav,/workspace/data/data/inference_results/NURC_RE_DID_025_Inf-ue_124_74.476_79.54-gt.txt,/workspace/data/checkpoints/YourTTS-Syntacc-PT_NURC-September-02-2026_02+35AM-bf39f425/config.json,/workspace/data/checkpoints/YourTTS-Syntacc-PT_NURC-September-02-2026_02+35AM-bf39f425/checkpoint_750000.pth,syntacc-tornado-750Ksteps.wav
12,NURC_RE_DID_025,NURC_RE_DID_025_Inf-ue_182_397.458_402.352.wav,recife,recife,a televisão universitária mesmo eu quase nunca assisto que é aqueles programas educativos num sei o quê,/workspace/data/data/inference_data/NURC_RE_DID_025_Inf-ue_182_397.458_402.352.wav,/workspace/data/data/inference_results/NURC_RE_DID_025_Inf-ue_182_397.458_402.352-syntacc-tornado-750Ksteps.wav,/workspace/data/data/inference_results/NURC_RE_DID_025_Inf-ue_182_397.458_402.352-gt.wav,/workspace/data/data/inference_results/NURC_RE_DID_025_Inf-ue_182_397.458_402.352-gt.txt,/workspace/data/checkpoints/YourTTS-Syntacc-PT_NURC-September-02-2026_02+35AM-bf39f425/config.json,/workspace/data/checkpoints/YourTTS-Syntacc-PT_NURC-September-02-2026_02+35AM-bf39f425/checkpoint_750000.pth,syntacc-tornado-750Ksteps.wav
13,NURC_RE_DID_025,NURC_RE_DID_025_Inf-ue_190_421.197_425.839.wav,recife,recife,eu gostava demais no tempo em que o chacrinha não tinha cartaz eu gostava de assistir chacrina,/workspace/data/data/inference_data/NURC_RE_DID_025_Inf-ue_190_421.197_425.839.wav,/workspace/data/data/inference_results/NURC_RE_DID_025_Inf-ue_190_421.197_425.839-syntacc-tornado-750Ksteps.wav,/workspace/data/data/inference_results/NURC_RE_DID_025_Inf-ue_190_421.197_425.839-gt.wav,/workspace/data/data/inference_results/NURC_RE_DID_025_Inf-ue_190_421.197_425.839-gt.txt,/workspace/data/checkpoints/YourTTS-Syntacc-PT_NURC-September-02-2026_02+35AM-bf39f425/config.json,/workspace/data/checkpoints/YourTTS-Syntacc-PT_NURC-September-02-2026_02+35AM-bf39f425/checkpoint_750000.pth,syntacc-tornado-750Ksteps.wav
14,NURC_RE_DID_025,NURC_RE_DID_025_Inf-ue_176_383.461_387.799.wav,recife,recife,quer dizer pra divertimento é bom agora instrutivo não é não,/workspace/data/data/inference_data/NURC_RE_DID_025_Inf-ue_176_383.461_387.799.wav,/workspace/data/data/inference_results/NURC_RE_DID_025_Inf-ue_176_383.461_387.799-syntacc-tornado-750Ksteps.wav,/workspace/data/data/inference_results/NURC_RE_DID_025_Inf-ue_176_383.461_387.799-gt.wav,/workspace/data/data/inference_results/NURC_RE_DID_025_Inf-ue_176_383.461_387.799-gt.txt,/workspace/data/checkpoints/YourTTS-Syntacc-PT_NURC-September-02-2026_02+35AM-bf39f425/config.json,/workspace/data/checkpoints/YourTTS-Syntacc-PT_NURC-September-02-2026_02+35AM-bf39f425/checkpoint_750000.pth,syntacc-tornado-750Ksteps.wav
15,NURC_RE_DID_032,NURC_RE_DID_032_Inf-ue_760_1751.923_1758.73.wav,recife,recife,do ponto de vista de oportunidade então interrompendo aqui eu não sei dizer o que eu posso afirmar é que os nutri nutricionistas,/workspace/data/data/inference_data/NURC_RE_DID_032_Inf-ue_760_1751.923_1758.73.wav,/workspace/data/data/inference_results/NURC_RE_DID_032_Inf-ue_760_1751.923_1758.73-syntacc-tornado-750Ksteps.wav,/workspace/data/data/inference_results/NURC_RE_DID_032_Inf-ue_760_1751.923_1758.73-gt.wav,/workspace/data/data/inference_results/NURC_RE_DID_032_Inf-ue_760_1751.923_1758.73-gt.txt,/workspace/data/checkpoints/YourTTS-Syntacc-PT_NURC-September-02-2026_02+35AM-bf39f425/config.json,/workspace/data/checkpoints/YourTTS-Syntacc-PT_NURC-September-02-2026_02+35AM-bf39f425/checkpoint_750000.pth,syntacc-tornado-750Ksteps.wav
16,NURC_RE_DID_032,NURC_RE_DID_032_Inf-ue_916_2144.776_2150.552.wav,recife,recife,tudo aquilo que ele aprendeu na escola ele não está utilizando ele tá trabalhando num nível muito abaixo daquele,/workspace/data/data/inference_data/NURC_RE_DID_032_Inf-ue_916_2144.776_2150.552.wav,/workspace/data/data/inference_results/NURC_RE_DID_032_Inf-ue_916_2144.776_2150.552-syntacc-tornado-750Ksteps.wav,/workspace/data/data/inference_results/NURC_RE_DID_032_Inf-ue_916_2144.776_2150.552-gt.wav,/workspace/data/data/inference_results/NURC_RE_DID_032_Inf-ue_916_2144.776_2150.552-gt.txt,/workspace/data/checkpoints/YourTTS-Syntacc-PT_NURC-September-02-2026_02+35AM-bf39f425/config.json,/workspace/data/checkpoints/YourTTS-Syntacc-PT_NURC-September-02-2026_02+35AM-bf39f425/checkpoint_750000.pth,syntacc-tornado-750Ksteps.wav
17,NURC_RE_DID_032,NURC_RE_DID_032_Inf-ue_953_2228.898_2234.004.wav,recife,recife,dificilmente colocaria um filho seu numa escola técnica porque aquilo ali vai ser o quê,/workspace/data/data/inference_data/NURC_RE_DID_032_Inf-ue_953_2228.898_2234.004.wav,/workspace/data/data/inference_results/NURC_RE_DID_032_Inf-ue_953_2228.898_2234.004-syntacc-tornado-750Ksteps.wav,/workspace/data/data/inference_results/NURC_RE_DID_032_Inf-ue_953_2228.898_2234.004-gt.wav,/workspace/data/data/inference_results/NURC_RE_DID_032_Inf-ue_953_2228.898_2234.004-gt.txt,/workspace/data/checkpoints/YourTTS-Syntacc-PT_NURC-September-02-2026_02+35AM-bf39f425/config.json,/workspace/data/checkpoints/YourTTS-Syntacc-PT_NURC-September-02-2026_02+35AM-bf39f425/checkpoint_750000.pth,syntacc-tornado-750Ksteps.wav
18,NURC_RE_DID_032,NURC_RE_DID_032_Inf-ue_1122_2614.962_2619.922.wav,recife,recife,na minha opinião toda a ênfase devia ser dada a preparação a nível médio,/workspace/data/data/inference_data/NURC_RE_DID_032_Inf-ue_1122_2614.962_2619.922.wav,/workspace/data/data/inference_results/NURC_RE_DID_032_Inf-ue_1122_2614.962_2619.922-syntacc-tornado-750Ksteps.wav,/workspace/data/data/inference_results/NURC_RE_DID_032_Inf-ue_1122_2614.962_2619.922-gt.wav,/workspace/data/data/inference_results/NURC_RE_DID_032_Inf-ue_1122_2614.962_2619.922-gt.txt,/workspace/data/checkpoints/YourTTS-Syntacc-PT_NURC-September-02-2026_02+35AM-bf39f425/config.json,/workspace/data/checkpoints/YourTTS-Syntacc-PT_NURC-September-02-2026_02+35AM-bf39f425/checkpoint_750000.pth,syntacc-tornado-750Ksteps.wav
19,NURC_RE_DID_032,NURC_RE_DID_032_Inf-ue_862_2014.752_2018.794.wav,recife,recife,mas há essa mentalidade ainda que na minha opinião precisa acabar,/workspace/data/data/inference_data/NURC_RE_DID_032_Inf-ue_862_2014.752_2018.794.wav,/workspace/data/data/inference_results/NURC_RE_DID_032_Inf-ue_862_2014.752_2018.794-syntacc-tornado-750Ksteps.wav,/workspace/data/data/inference_results/NURC_RE_DID_032_Inf-ue_862_2014.752_2018.794-gt.wav,/workspace/data/data/inference_results/NURC_RE_DID_032_Inf-ue_862_2014.752_2018.794-gt.txt,/workspace/data/checkpoints/YourTTS-Syntacc-PT_NURC-September-02-2026_02+35AM-bf39f425/config.json,/workspace/data/checkpoints/YourTTS-Syntacc-PT_NURC-September-02-2026_02+35AM-bf39f425/checkpoint_750000.pth,syntacc-tornado-750Ksteps.wav
20,NURC_RE_DID_037,NURC_RE_DID_037_Inf-ue_715_1380.403_1386.318.wav,recife,recife,apesar de fazer muito tempo que eu não vejo um bonde na minha vida mas ainda alcancei o bonde,/workspace/data/data/inference_data/NURC_RE_DID_037_Inf-ue_715_1380.403_1386.318.wav,/workspace/data/data/inference_results/NURC_RE_DID_037_Inf-ue_715_1380.403_1386.318-syntacc-tornado-750Ksteps.wav,/workspace/data/data/inference_results/NURC_RE_DID_037_Inf-ue_715_1380.403_1386.318-gt.wav,/workspace/data/data/inference_results/NURC_RE_DID_037_Inf-ue_715_1380.403_1386.318-gt.txt,/workspace/data/checkpoints/YourTTS-Syntacc-PT_NURC-September-02-2026_02+35AM-bf39f425/config.json,/workspace/data/checkpoints/YourTTS-Syntacc-PT_NURC-September-02-2026_02+35AM-bf39f425/checkpoint_750000.pth,syntacc-tornado-750Ksteps.wav
21,NURC_RE_DID_037,NURC_RE_DID_037_Inf-ue_650_1218.126_1223.865.wav,recife,recife,quer dizer em termos de ônibus tá havendo uma melhora muito grande do que tinha a uns dois anos atrás pra cá,/workspace/data/data/inference_data/NURC_RE_DID_037_Inf-ue_650_1218.126_1223.865.wav,/workspace/data/data/inference_results/NURC_RE_DID_037_Inf-ue_650_1218.126_1223.865-syntacc-tornado-750Ksteps.wav,/workspace/data/data/inference_results/NURC_RE_DID_037_Inf-ue_650_1218.126_1223.865-gt.wav,/workspace/data/data/inference_results/NURC_RE_DID_037_Inf-ue_650_1218.126_1223.865-gt.txt,/workspace/data/checkpoints/YourTTS-Syntacc-PT_NURC-September-02-2026_02+35AM-bf39f425/config.json,/workspace/data/checkpoints/YourTTS-Syntacc-PT_NURC-September-02-2026_02+35AM-bf39f425/checkpoint_750000.pth,syntacc-tornado-750Ksteps.wav
22,NURC_RE_DID_037,NURC_RE_DID_037_Inf-ue_917_1853.536_1858.444.wav,recife,recife,eu não acho que é bem sinalizado não mas não é das piores não poderia ser melhor,/workspace/data/data/inference_data/NURC_RE_DID_037_Inf-ue_917_1853.536_1858.444.wav,/workspace/data/data/inference_results/NURC_RE_DID_037_Inf-ue_917_1853.536_1858.444-syntacc-tornado-750Ksteps.wav,/workspace/data/data/inference_results/NURC_RE_DID_037_Inf-ue_917_1853.536_1858.444-gt.wav,/workspace/data/data/inference_results/NURC_RE_DID_037_Inf-ue_917_1853.536_1858.444-gt.txt,/workspace/data/checkpoints/YourTTS-Syntacc-PT_NURC-September-02-2026_02+35AM-bf39f425/config.json,/workspace/data/checkpoints/YourTTS-Syntacc-PT_NURC-September-02-2026_02+35AM-bf39f425/checkpoint_750000.pth,syntacc-tornado-750Ksteps.wav
23,NURC_RE_DID_037,NURC_RE_DID_037_Inf-ue_827_1658.624_1662.9.wav,recife,recife,eu acho que o pessoal toma muito da conta da vida dos outros por isso que eu não suporto,/workspace/data/data/inference_data/NURC_RE_DID_037_Inf-ue_827_1658.624_1662.9.wav,/workspace/data/data/inference_results/NURC_RE_DID_037_Inf-ue_827_1658.624_1662.9-syntacc-tornado-750Ksteps.wav,/workspace/data/data/inference_results/NURC_RE_DID_037_Inf-ue_827_1658.624_1662.9-gt.wav,/workspace/data/data/inference_results/NURC_RE_DID_037_Inf-ue_827_1658.624_1662.9-gt.txt,/workspace/data/checkpoints/YourTTS-Syntacc-PT_NURC-September-02-2026_02+35AM-bf39f425/config.json,/workspace/data/checkpoints/YourTTS-Syntacc-PT_NURC-September-02-2026_02+35AM-bf39f425/checkpoint_750000.pth,syntacc-tornado-750Ksteps.wav
24,NURC_RE_DID_037,NURC_RE_DID_037_Inf-ue_462_734.994_739.097.wav,recife,recife,teresopólis não tem grande coisa que você ver não só o comércio assim e fábricas,/workspace/data/data/inference_data/NURC_RE_DID_037_Inf-ue_462_734.994_739.097.wav,/workspace/data/data/inference_results/NURC_RE_DID_037_Inf-ue_462_734.994_739.097-syntacc-tornado-750Ksteps.wav,/workspace/data/data/inference_results/NURC_RE_DID_037_Inf-ue_462_734.994_739.097-gt.wav,/workspace/data/data/inference_results/NURC_RE_DID_037_Inf-ue_462_734.994_739.097-gt.txt,/workspace/data/checkpoints/YourTTS-Syntacc-PT_NURC-September-02-2026_02+35AM-bf39f425/config.json,/workspace/data/checkpoints/YourTTS-Syntacc-PT_NURC-September-02-2026_02+35AM-bf39f425/checkpoint_750000.pth,syntacc-tornado-750Ksteps.wav
25,NURC_RE_DID_044,NURC_RE_DID_044_Inf-ue_1398_2118.166_2123.262.wav,recife,recife,quando tem o rosto assim pequeno feito eu fica muito melhor mas o cabelo grande eu vejo mesmo,/workspace/data/data/inference_data/NURC_RE_DID_044_Inf-ue_1398_2118.166_2123.262.wav,/workspace/data/data/inference_results/NURC_RE_DID_044_Inf-ue_1398_2118.166_2123.262-syntacc-tornado-750Ksteps.wav,/workspace/data/data/inference_results/NURC_RE_DID_044_Inf-ue_1398_2118.166_2123.262-gt.wav,/workspace/data/data/inference_results/NURC_RE_DID_044_Inf-ue_1398_2118.166_2123.262-gt.txt,/workspace/data/checkpoints/YourTTS-Syntacc-PT_NURC-September-02-2026_02+35AM-bf39f425/config.json,/workspace/data/checkpoints/YourTTS-Syntacc-PT_NURC-September-02-2026_02+35AM-bf39f425/checkpoint_750000.pth,syntacc-tornado-750Ksteps.wav
26,NURC_RE_DID_044,NURC_RE_DID_044_Inf-ue_1271_1900.783_1905.05.wav,recife,recife,era velha parece que ficou cega eu não cheguei a alcançar ela muito não,/workspace/data/data/inference_data/NURC_RE_DID_044_Inf-ue_1271_1900.783_1905.05.wav,/workspace/data/data/inference_results/NURC_RE_DID_044_Inf-ue_1271_1900.783_1905.05-syntacc-tornado-750Ksteps.wav,/workspace/data/data/inference_results/NURC_RE_DID_044_Inf-ue_1271_1900.783_1905.05-gt.wav,/workspace/data/data/inference_results/NURC_RE_DID_044_Inf-ue_1271_1900.783_1905.05-gt.txt,/workspace/data/checkpoints/YourTTS-Syntacc-PT_NURC-September-02-2026_02+35AM-bf39f425/config.json,/workspace/data/checkpoints/YourTTS-Syntacc-PT_NURC-September-02-2026_02+35AM-bf39f425/checkpoint_750000.pth,syntacc-tornado-750Ksteps.wav
27,NURC_RE_DID_044,NURC_RE_DID_044_Inf-ue_1471_2233.575_2237.76.wav,recife,recife,acho bonito uma moça bem maquiada acho muito bonito mas eu mesmo não,/workspace/data/data/inference_data/NURC_RE_DID_044_Inf-ue_1471_2233.575_2237.76.wav,/workspace/data/data/inference_results/NURC_RE_DID_044_Inf-ue_1471_2233.575_2237.76-syntacc-tornado-750Ksteps.wav,/workspace/data/data/inference_results/NURC_RE_DID_044_Inf-ue_1471_2233.575_2237.76-gt.wav,/workspace/data/data/inference_results/NURC_RE_DID_044_Inf-ue_1471_2233.575_2237.76-gt.txt,/workspace/data/checkpoints/YourTTS-Syntacc-PT_NURC-September-02-2026_02+35AM-bf39f425/config.json,/workspace/data/checkpoints/YourTTS-Syntacc-PT_NURC-September-02-2026_02+35AM-bf39f425/checkpoint_750000.pth,syntacc-tornado-750Ksteps.wav
28,NURC_RE_DID_044,NURC_RE_DID_044_Inf-ue_1289_1935.848_1939.98.wav,recife,recife,para as alunas nessa festa papai foi e conheceu mamãe,/workspace/data/data/inference_data/NURC_RE_DID_044_Inf-ue_1289_1935.848_1939.98.wav,/workspace/data/data/inference_results/NURC_RE_DID_044_Inf-ue_1289_1935.848_1939.98-syntacc-tornado-750Ksteps.wav,/workspace/data/data/inference_results/NURC_RE_DID_044_Inf-ue_1289_1935.848_1939.98-gt.wav,/workspace/data/data/inference_results/NURC_RE_DID_044_Inf-ue_1289_1935.848_1939.98-gt.txt,/workspace/data/checkpoints/YourTTS-Syntacc-PT_NURC-September-02-2026_02+35AM-bf39f425/config.json,/workspace/data/checkpoints/YourTTS-Syntacc-PT_NURC-September-02-2026_02+35AM-bf39f425/checkpoint_750000.pth,syntacc-tornado-750Ksteps.wav
29,NURC_RE_DID_044,NURC_RE_DID_044_Inf-ue_1240_1857.738_1861.849.wav,recife,recife,agora já papai não papai era um homem que não era moço,/workspace/data/data/inference_data/NURC_RE_DID_044_Inf-ue_1240_1857.738_1861.849.wav,/workspace/data/data/inference_results/NURC_RE_DID_044_Inf-ue_1240_1857.738_1861.849-syntacc-tornado-750Ksteps.wav,/workspace/data/data/inference_results/NURC_RE_DID_044_Inf-ue_1240_1857.738_1861.849-gt.wav,/workspace/data/data/inference_results/NURC_RE_DID_044_Inf-ue_1240_1857.738_1861.849-gt.txt,/workspace/data/checkpoints/YourTTS-Syntacc-PT_NURC-September-02-2026_02+35AM-bf39f425/config.json,/workspace/data/checkpoints/YourTTS-Syntacc-PT_NURC-September-02-2026_02+35AM-bf39f425/checkpoint_750000.pth,syntacc-tornado-750Ksteps.wav
30,NURC_RE_DID_045,NURC_RE_DID_045_Inf-ue_697_2191.444_2197.607.wav,recife,recife,a gente é quem vai elaborar tudo aquilo que o monitor vai fazer é tirar uma oportunidade da gente criar,/workspace/data/data/inference_data/NURC_RE_DID_045_Inf-ue_697_2191.444_2197.607.wav,/workspace/data/data/inference_results/NURC_RE_DID_045_Inf-ue_697_2191.444_2197.607-syntacc-tornado-750Ksteps.wav,/workspace/data/data/inference_results/NURC_RE_DID_045_Inf-ue_697_2191.444_2197.607-gt.wav,/workspace/data/data/inference_results/NURC_RE_DID_045_Inf-ue_697_2191.444_2197.607-gt.txt,/workspace/data/checkpoints/YourTTS-Syntacc-PT_NURC-September-02-2026_02+35AM-bf39f425/config.json,/workspace/data/checkpoints/YourTTS-Syntacc-PT_NURC-September-02-2026_02+35AM-bf39f425/checkpoint_750000.pth,syntacc-tornado-750Ksteps.wav
31,NURC_RE_DID_045,NURC_RE_DID_045_Inf-ue_361_1061.65_1067.382.wav,recife,recife,eu vi como é que o aluno realmente entra na universidade o que que ele espera encontrar,/workspace/data/data/inference_data/NURC_RE_DID_045_Inf-ue_361_1061.65_1067.382.wav,/workspace/data/data/inference_results/NURC_RE_DID_045_Inf-ue_361_1061.65_1067.382-syntacc-tornado-750Ksteps.wav,/workspace/data/data/inference_results/NURC_RE_DID_045_Inf-ue_361_1061.65_1067.382-gt.wav,/workspace/data/data/inference_results/NURC_RE_DID_045_Inf-ue_361_1061.65_1067.382-gt.txt,/workspace/data/checkpoints/YourTTS-Syntacc-PT_NURC-September-02-2026_02+35AM-bf39f425/config.json,/workspace/data/checkpoints/YourTTS-Syntacc-PT_NURC-September-02-2026_02+35AM-bf39f425/checkpoint_750000.pth,syntacc-tornado-750Ksteps.wav
32,NURC_RE_DID_045,NURC_RE_DID_045_Inf-ue_359_1055.292_1060.949.wav,recife,recife,a gente vai esclarecer a eles muita coisa e com isso é que eu vou responder a pergunta que ela fez,/workspace/data/data/inference_data/NURC_RE_DID_045_Inf-ue_359_1055.292_1060.949.wav,/workspace/data/data/inference_results/NURC_RE_DID_045_Inf-ue_359_1055.292_1060.949-syntacc-tornado-750Ksteps.wav,/workspace/data/data/inference_results/NURC_RE_DID_045_Inf-ue_359_1055.292_1060.949-gt.wav,/workspace/data/data/inference_results/NURC_RE_DID_045_Inf-ue_359_1055.292_1060.949-gt.txt,/workspace/data/checkpoints/YourTTS-Syntacc-PT_NURC-September-02-2026_02+35AM-bf39f425/config.json,/workspace/data/checkpoints/YourTTS-Syntacc-PT_NURC-September-02-2026_02+35AM-bf39f425/checkpoint_750000.pth,syntacc-tornado-750Ksteps.wav
33,NURC_RE_DID_045,NURC_RE_DID_045_Inf-ue_209_582.801_588.421.wav,recife,recife,terminam absorvidos pelas elites todinhas e então os serviços que são feitos pra atender a todo mundo,/workspace/data/data/inference_data/NURC_RE_DID_045_Inf-ue_209_582.801_588.421.wav,/workspace/data/data/inference_results/NURC_RE_DID_045_Inf-ue_209_582.801_588.421-syntacc-tornado-750Ksteps.wav,/workspace/data/data/inference_results/NURC_RE_DID_045_Inf-ue_209_582.801_588.421-gt.wav,/workspace/data/data/inference_results/NURC_RE_DID_045_Inf-ue_209_582.801_588.421-gt.txt,/workspace/data/checkpoints/YourTTS-Syntacc-PT_NURC-September-02-2026_02+35AM-bf39f425/config.json,/workspace/data/checkpoints/YourTTS-Syntacc-PT_NURC-September-02-2026_02+35AM-bf39f425/checkpoint_750000.pth,syntacc-tornado-750Ksteps.wav
34,NURC_RE_DID_045,NURC_RE_DID_045_Inf-ue_743_2348.842_2354.073.wav,recife,recife,não como prestação de serviço porque prestação de serviço quem presta são as agências de desenvolvimento de serviço,/workspace/data/data/inference_data/NURC_RE_DID_045_Inf-ue_743_2348.842_2354.073.wav,/workspace/data/data/inference_results/NURC_RE_DID_045_Inf-ue_743_2348.842_2354.073-syntacc-tornado-750Ksteps.wav,/workspace/data/data/inference_results/NURC_RE_DID_045_Inf-ue_743_2348.842_2354.073-gt.wav,/workspace/data/data/inference_results/NURC_RE_DID_045_Inf-ue_743_2348.842_2354.073-gt.txt,/workspace/data/checkpoints/YourTTS-Syntacc-PT_NURC-September-02-2026_02+35AM-bf39f425/config.json,/workspace/data/checkpoints/YourTTS-Syntacc-PT_NURC-September-02-2026_02+35AM-bf39f425/checkpoint_750000.pth,syntacc-tornado-750Ksteps.wav
35,NURC_RE_DID_058,NURC_RE_DID_058_Inf-ue_354_942.346_948.182.wav,recife,recife,pessoal aproveita a semana santa pra sair da cidade você liga o rádio é tudo a mesma coisa,/workspace/data/data/inference_data/NURC_RE_DID_058_Inf-ue_354_942.346_948.182.wav,/workspace/data/data/inference_results/NURC_RE_DID_058_Inf-ue_354_942.346_948.182-syntacc-tornado-750Ksteps.wav,/workspace/data/data/inference_results/NURC_RE_DID_058_Inf-ue_354_942.346_948.182-gt.wav,/workspace/data/data/inference_results/NURC_RE_DID_058_Inf-ue_354_942.346_948.182-gt.txt,/workspace/data/checkpoints/YourTTS-Syntacc-PT_NURC-September-02-2026_02+35AM-bf39f425/config.json,/workspace/data/checkpoints/YourTTS-Syntacc-PT_NURC-September-02-2026_02+35AM-bf39f425/checkpoint_750000.pth,syntacc-tornado-750Ksteps.wav
36,NURC_RE_DID_058,NURC_RE_DID_058_Inf-ue_706_1905.163_1910.824.wav,recife,recife,mas não sei se atualmente elas estão funcionando eu estive lá a tarde há pouco com o menino,/workspace/data/data/inference_data/NURC_RE_DID_058_Inf-ue_706_1905.163_1910.824.wav,/workspace/data/data/inference_results/NURC_RE_DID_058_Inf-ue_706_1905.163_1910.824-syntacc-tornado-750Ksteps.wav,/workspace/data/data/inference_results/NURC_RE_DID_058_Inf-ue_706_1905.163_1910.824-gt.wav,/workspace/data/data/inference_results/NURC_RE_DID_058_Inf-ue_706_1905.163_1910.824-gt.txt,/workspace/data/checkpoints/YourTTS-Syntacc-PT_NURC-September-02-2026_02+35AM-bf39f425/config.json,/workspace/data/checkpoints/YourTTS-Syntacc-PT_NURC-September-02-2026_02+35AM-bf39f425/checkpoint_750000.pth,syntacc-tornado-750Ksteps.wav
37,NURC_RE_DID_058,NURC_RE_DID_058_Inf-ue_433_1146.74_1151.868.wav,recife,recife,pra você tirar fotografia e cada fotografia linda foca nas naquelas pedras,/workspace/data/data/inference_data/NURC_RE_DID_058_Inf-ue_433_1146.74_1151.868.wav,/workspace/data/data/inference_results/NURC_RE_DID_058_Inf-ue_433_1146.74_1151.868-syntacc-tornado-750Ksteps.wav,/workspace/data/data/inference_results/NURC_RE_DID_058_Inf-ue_433_1146.74_1151.868-gt.wav,/workspace/data/data/inference_results/NURC_RE_DID_058_Inf-ue_433_1146.74_1151.868-gt.txt,/workspace/data/checkpoints/YourTTS-Syntacc-PT_NURC-September-02-2026_02+35AM-bf39f425/config.json,/workspace/data/checkpoints/YourTTS-Syntacc-PT_NURC-September-02-2026_02+35AM-bf39f425/checkpoint_750000.pth,syntacc-tornado-750Ksteps.wav
38,NURC_RE_DID_058,NURC_RE_DID_058_Inf-ue_344_917.229_921.99.wav,recife,recife,na semana santa por exemplo você ligava o rádio e só ouvia musicas fúnebres,/workspace/data/data/inference_data/NURC_RE_DID_058_Inf-ue_344_917.229_921.99.wav,/workspace/data/data/inference_results/NURC_RE_DID_058_Inf-ue_344_917.229_921.99-syntacc-tornado-750Ksteps.wav,/workspace/data/data/inference_results/NURC_RE_DID_058_Inf-ue_344_917.229_921.99-gt.wav,/workspace/data/data/inference_results/NURC_RE_DID_058_Inf-ue_344_917.229_921.99-gt.txt,/workspace/data/checkpoints/YourTTS-Syntacc-PT_NURC-September-02-2026_02+35AM-bf39f425/config.json,/workspace/data/checkpoints/YourTTS-Syntacc-PT_NURC-September-02-2026_02+35AM-bf39f425/checkpoint_750000.pth,syntacc-tornado-750Ksteps.wav
39,NURC_RE_DID_058,NURC_RE_DID_058_Inf-ue_516_1390.864_1394.681.wav,recife,recife,mas geralmente elas têm saída você sempre chega em algum lugar,/workspace/data/data/inference_data/NURC_RE_DID_058_Inf-ue_516_1390.864_1394.681.wav,/workspace/data/data/inference_results/NURC_RE_DID_058_Inf-ue_516_1390.864_1394.681-syntacc-tornado-750Ksteps.wav,/workspace/data/data/inference_results/NURC_RE_DID_058_Inf-ue_516_1390.864_1394.681-gt.wav,/workspace/data/data/inference_results/NURC_RE_DID_058_Inf-ue_516_1390.864_1394.681-gt.txt,/workspace/data/checkpoints/YourTTS-Syntacc-PT_NURC-September-02-2026_02+35AM-bf39f425/config.json,/workspace/data/checkpoints/YourTTS-Syntacc-PT_NURC-September-02-2026_02+35AM-bf39f425/checkpoint_750000.pth,syntacc-tornado-750Ksteps.wav
40,SP_DID_014,SP_DID_014_SPEAKER_0_101_913.563_922.666.wav,sao_paulo,sao_paulo,agora que estão se localizando umas primeiras famílias japonesas mas eu tive a oportunidade de ver no hotel que a gente ainda come aquele tomate selvagem tomate pequenininho tudo isso quer dizer,/workspace/data/data/inference_data/SP_DID_014_SPEAKER_0_101_913.563_922.666.wav,/workspace/data/data/inference_results/SP_DID_014_SPEAKER_0_101_913.563_922.666-syntacc-tornado-750Ksteps.wav,/workspace/data/data/inference_results/SP_DID_014_SPEAKER_0_101_913.563_922.666-gt.wav,/workspace/data/data/inference_results/SP_DID_014_SPEAKER_0_101_913.563_922.666-gt.txt,/workspace/data/checkpoints/YourTTS-Syntacc-PT_NURC-September-02-2026_02+35AM-bf39f425/config.json,/workspace/data/checkpoints/YourTTS-Syntacc-PT_NURC-September-02-2026_02+35AM-bf39f425/checkpoint_750000.pth,syntacc-tornado-750Ksteps.wav
41,SP_DID_014,SP_DID_014_SPEAKER_0_81_755.33_762.993.wav,sao_paulo,sao_paulo,então a parte de hospedagem também é precaríssima e e se descuidar a pessoa fica ao relento,/workspace/data/data/inference_data/SP_DID_014_SPEAKER_0_81_755.33_762.993.wav,/workspace/data/data/inference_results/SP_DID_014_SPEAKER_0_81_755.33_762.993-syntacc-tornado-750Ksteps.wav,/workspace/data/data/inference_results/SP_DID_014_SPEAKER_0_81_755.33_762.993-gt.wav,/workspace/data/data/inference_results/SP_DID_014_SPEAKER_0_81_755.33_762.993-gt.txt,/workspace/data/checkpoints/YourTTS-Syntacc-PT_NURC-September-02-2026_02+35AM-bf39f425/config.json,/workspace/data/checkpoints/YourTTS-Syntacc-PT_NURC-September-02-2026_02+35AM-bf39f425/checkpoint_750000.pth,syntacc-tornado-750Ksteps.wav
42,SP_DID_014,SP_DID_014_SPEAKER_0_111_991.48_996.303.wav,sao_paulo,sao_paulo,e só se encontra quase praticamente peixe vivo que ainda esteja se movimentando,/workspace/data/data/inference_data/SP_DID_014_SPEAKER_0_111_991.48_996.303.wav,/workspace/data/data/inference_results/SP_DID_014_SPEAKER_0_111_991.48_996.303-syntacc-tornado-750Ksteps.wav,/workspace/data/data/inference_results/SP_DID_014_SPEAKER_0_111_991.48_996.303-gt.wav,/workspace/data/data/inference_results/SP_DID_014_SPEAKER_0_111_991.48_996.303-gt.txt,/workspace/data/checkpoints/YourTTS-Syntacc-PT_NURC-September-02-2026_02+35AM-bf39f425/config.json,/workspace/data/checkpoints/YourTTS-Syntacc-PT_NURC-September-02-2026_02+35AM-bf39f425/checkpoint_750000.pth,syntacc-tornado-750Ksteps.wav
43,SP_DID_014,SP_DID_014_SPEAKER_0_147_1290.022_1294.402.wav,sao_paulo,sao_paulo,então todos os quartos têm as camas e têm as redes,/workspace/data/data/inference_data/SP_DID_014_SPEAKER_0_147_1290.022_1294.402.wav,/workspace/data/data/inference_results/SP_DID_014_SPEAKER_0_147_1290.022_1294.402-syntacc-tornado-750Ksteps.wav,/workspace/data/data/inference_results/SP_DID_014_SPEAKER_0_147_1290.022_1294.402-gt.wav,/workspace/data/data/inference_results/SP_DID_014_SPEAKER_0_147_1290.022_1294.402-gt.txt,/workspace/data/checkpoints/YourTTS-Syntacc-PT_NURC-September-02-2026_02+35AM-bf39f425/config.json,/workspace/data/checkpoints/YourTTS-Syntacc-PT_NURC-September-02-2026_02+35AM-bf39f425/checkpoint_750000.pth,syntacc-tornado-750Ksteps.wav
44,SP_DID_014,SP_DID_014_SPEAKER_0_198_1705.672_1709.652.wav,sao_paulo,sao_paulo,essas quantidades atendiam as necessidades de anos anteriores locais,/workspace/data/data/inference_data/SP_DID_014_SPEAKER_0_198_1705.672_1709.652.wav,/workspace/data/data/inference_results/SP_DID_014_SPEAKER_0_198_1705.672_1709.652-syntacc-tornado-750Ksteps.wav,/workspace/data/data/inference_results/SP_DID_014_SPEAKER_0_198_1705.672_1709.652-gt.wav,/workspace/data/data/inference_results/SP_DID_014_SPEAKER_0_198_1705.672_1709.652-gt.txt,/workspace/data/checkpoints/YourTTS-Syntacc-PT_NURC-September-02-2026_02+35AM-bf39f425/config.json,/workspace/data/checkpoints/YourTTS-Syntacc-PT_NURC-September-02-2026_02+35AM-bf39f425/checkpoint_750000.pth,syntacc-tornado-750Ksteps.wav
45,SP_DID_023,SP_DID_023_SPEAKER_1_266_993.703_1002.369.wav,sao_paulo,sao_paulo,e foram alterados depois para eletricidade e tinham um sistema de pesos então eles eram lustres pesadíssimos mas pelo sistema de pesos podia baixar e levantar os lustres com um dedo quase,/workspace/data/data/inference_data/SP_DID_023_SPEAKER_1_266_993.703_1002.369.wav,/workspace/data/data/inference_results/SP_DID_023_SPEAKER_1_266_993.703_1002.369-syntacc-tornado-750Ksteps.wav,/workspace/data/data/inference_results/SP_DID_023_SPEAKER_1_266_993.703_1002.369-gt.wav,/workspace/data/data/inference_results/SP_DID_023_SPEAKER_1_266_993.703_1002.369-gt.txt,/workspace/data/checkpoints/YourTTS-Syntacc-PT_NURC-September-02-2026_02+35AM-bf39f425/config.json,/workspace/data/checkpoints/YourTTS-Syntacc-PT_NURC-September-02-2026_02+35AM-bf39f425/checkpoint_750000.pth,syntacc-tornado-750Ksteps.wav
46,SP_DID_023,SP_DID_023_SPEAKER_1_583_2210.205_2218.395.wav,sao_paulo,sao_paulo,em frente a essa garagem era a lavanderia do lado esquerdo tinha um poço que não era usado,/workspace/data/data/inference_data/SP_DID_023_SPEAKER_1_583_2210.205_2218.395.wav,/workspace/data/data/inference_results/SP_DID_023_SPEAKER_1_583_2210.205_2218.395-syntacc-tornado-750Ksteps.wav,/workspace/data/data/inference_results/SP_DID_023_SPEAKER_1_583_2210.205_2218.395-gt.wav,/workspace/data/data/inference_results/SP_DID_023_SPEAKER_1_583_2210.205_2218.395-gt.txt,/workspace/data/checkpoints/YourTTS-Syntacc-PT_NURC-September-02-2026_02+35AM-bf39f425/config.json,/workspace/data/checkpoints/YourTTS-Syntacc-PT_NURC-September-02-2026_02+35AM-bf39f425/checkpoint_750000.pth,syntacc-tornado-750Ksteps.wav
47,SP_DID_023,SP_DID_023_SPEAKER_1_50_77.882_84.826.wav,sao_paulo,sao_paulo,o quintal da casa de vovó era muito grande tinha mais ou menos quatro mil metros quadrados de terreno,/workspace/data/data/inference_data/SP_DID_023_SPEAKER_1_50_77.882_84.826.wav,/workspace/data/data/inference_results/SP_DID_023_SPEAKER_1_50_77.882_84.826-syntacc-tornado-750Ksteps.wav,/workspace/data/data/inference_results/SP_DID_023_SPEAKER_1_50_77.882_84.826-gt.wav,/workspace/data/data/inference_results/SP_DID_023_SPEAKER_1_50_77.882_84.826-gt.txt,/workspace/data/checkpoints/YourTTS-Syntacc-PT_NURC-September-02-2026_02+35AM-bf39f425/config.json,/workspace/data/checkpoints/YourTTS-Syntacc-PT_NURC-September-02-2026_02+35AM-bf39f425/checkpoint_750000.pth,syntacc-tornado-750Ksteps.wav
48,SP_DID_023,SP_DID_023_SPEAKER_1_119_424.66_430.482.wav,sao_paulo,sao_paulo,então ela convocava a molecada da vizinhança e distribuía presentes no na véspera de natal,/workspace/data/data/inference_data/SP_DID_023_SPEAKER_1_119_424.66_430.482.wav,/workspace/data/data/inference_results/SP_DID_023_SPEAKER_1_119_424.66_430.482-syntacc-tornado-750Ksteps.wav,/workspace/data/data/inference_results/SP_DID_023_SPEAKER_1_119_424.66_430.482-gt.wav,/workspace/data/data/inference_results/SP_DID_023_SPEAKER_1_119_424.66_430.482-gt.txt,/workspace/data/checkpoints/YourTTS-Syntacc-PT_NURC-September-02-2026_02+35AM-bf39f425/config.json,/workspace/data/checkpoints/YourTTS-Syntacc-PT_NURC-September-02-2026_02+35AM-bf39f425/checkpoint_750000.pth,syntacc-tornado-750Ksteps.wav
49,SP_DID_023,SP_DID_023_SPEAKER_1_614_2369.855_2375.375.wav,sao_paulo,sao_paulo,depois passando aquela entrada de novo tinha o terreno que dava pra roção do centro de paulo,/workspace/data/data/inference_data/SP_DID_023_SPEAKER_1_614_2369.855_2375.375.wav,/workspace/data/data/inference_results/SP_DID_023_SPEAKER_1_614_2369.855_2375.375-syntacc-tornado-750Ksteps.wav,/workspace/data/data/inference_results/SP_DID_023_SPEAKER_1_614_2369.855_2375.375-gt.wav,/workspace/data/data/inference_results/SP_DID_023_SPEAKER_1_614_2369.855_2375.375-gt.txt,/workspace/data/checkpoints/YourTTS-Syntacc-PT_NURC-September-02-2026_02+35AM-bf39f425/config.json,/workspace/data/checkpoints/YourTTS-Syntacc-PT_NURC-September-02-2026_02+35AM-bf39f425/checkpoint_750000.pth,syntacc-tornado-750Ksteps.wav
50,SP_DID_027,SP_DID_027_SPEAKER_1_310_2262.312_2269.372.wav,sao_paulo,sao_paulo,é chato cesárea não gosto e você fica acabada,/workspace/data/data/inference_data/SP_DID_027_SPEAKER_1_310_2262.312_2269.372.wav,/workspace/data/data/inference_results/SP_DID_027_SPEAKER_1_310_2262.312_2269.372-syntacc-tornado-750Ksteps.wav,/workspace/data/data/inference_results/SP_DID_027_SPEAKER_1_310_2262.312_2269.372-gt.wav,/workspace/data/data/inference_results/SP_DID_027_SPEAKER_1_310_2262.312_2269.372-gt.txt,/workspace/data/checkpoints/YourTTS-Syntacc-PT_NURC-September-02-2026_02+35AM-bf39f425/config.json,/workspace/data/checkpoints/YourTTS-Syntacc-PT_NURC-September-02-2026_02+35AM-bf39f425/checkpoint_750000.pth,syntacc-tornado-750Ksteps.wav
51,SP_DID_027,SP_DID_027_SPEAKER_1_226_1605.482_1612.242.wav,sao_paulo,sao_paulo,não chega a ter cinquenta mas quase cinquenta de fundo e era a casa onde a gente morava quando era pequeno né,/workspace/data/data/inference_data/SP_DID_027_SPEAKER_1_226_1605.482_1612.242.wav,/workspace/data/data/inference_results/SP_DID_027_SPEAKER_1_226_1605.482_1612.242-syntacc-tornado-750Ksteps.wav,/workspace/data/data/inference_results/SP_DID_027_SPEAKER_1_226_1605.482_1612.242-gt.wav,/workspace/data/data/inference_results/SP_DID_027_SPEAKER_1_226_1605.482_1612.242-gt.txt,/workspace/data/checkpoints/YourTTS-Syntacc-PT_NURC-September-02-2026_02+35AM-bf39f425/config.json,/workspace/data/checkpoints/YourTTS-Syntacc-PT_NURC-September-02-2026_02+35AM-bf39f425/checkpoint_750000.pth,syntacc-tornado-750Ksteps.wav
52,SP_DID_027,SP_DID_027_SPEAKER_1_357_2567.552_2573.332.wav,sao_paulo,sao_paulo,e depois ele começa a ganhar maior desenvolvimento motor,/workspace/data/data/inference_data/SP_DID_027_SPEAKER_1_357_2567.552_2573.332.wav,/workspace/data/data/inference_results/SP_DID_027_SPEAKER_1_357_2567.552_2573.332-syntacc-tornado-750Ksteps.wav,/workspace/data/data/inference_results/SP_DID_027_SPEAKER_1_357_2567.552_2573.332-gt.wav,/workspace/data/data/inference_results/SP_DID_027_SPEAKER_1_357_2567.552_2573.332-gt.txt,/workspace/data/checkpoints/YourTTS-Syntacc-PT_NURC-September-02-2026_02+35AM-bf39f425/config.json,/workspace/data/checkpoints/YourTTS-Syntacc-PT_NURC-September-02-2026_02+35AM-bf39f425/checkpoint_750000.pth,syntacc-tornado-750Ksteps.wav
53,SP_DID_027,SP_DID_027_SPEAKER_1_89_491.362_496.903.wav,sao_paulo,sao_paulo,e tem as duas caminhas dele e depois tem uma estante também no chão onde eles põem os brinquedos,/workspace/data/data/inference_data/SP_DID_027_SPEAKER_1_89_491.362_496.903.wav,/workspace/data/data/inference_results/SP_DID_027_SPEAKER_1_89_491.362_496.903-syntacc-tornado-750Ksteps.wav,/workspace/data/data/inference_results/SP_DID_027_SPEAKER_1_89_491.362_496.903-gt.wav,/workspace/data/data/inference_results/SP_DID_027_SPEAKER_1_89_491.362_496.903-gt.txt,/workspace/data/checkpoints/YourTTS-Syntacc-PT_NURC-September-02-2026_02+35AM-bf39f425/config.json,/workspace/data/checkpoints/YourTTS-Syntacc-PT_NURC-September-02-2026_02+35AM-bf39f425/checkpoint_750000.pth,syntacc-tornado-750Ksteps.wav
54,SP_DID_027,SP_DID_027_SPEAKER_1_334_2439.912_2444.102.wav,sao_paulo,sao_paulo,esse meu filho por exemplo segundo é ao contrário do outro,/workspace/data/data/inference_data/SP_DID_027_SPEAKER_1_334_2439.912_2444.102.wav,/workspace/data/data/inference_results/SP_DID_027_SPEAKER_1_334_2439.912_2444.102-syntacc-tornado-750Ksteps.wav,/workspace/data/data/inference_results/SP_DID_027_SPEAKER_1_334_2439.912_2444.102-gt.wav,/workspace/data/data/inference_results/SP_DID_027_SPEAKER_1_334_2439.912_2444.102-gt.txt,/workspace/data/checkpoints/YourTTS-Syntacc-PT_NURC-September-02-2026_02+35AM-bf39f425/config.json,/workspace/data/checkpoints/YourTTS-Syntacc-PT_NURC-September-02-2026_02+35AM-bf39f425/checkpoint_750000.pth,syntacc-tornado-750Ksteps.wav
55,SP_DID_031,SP_DID_031_SPEAKER_1_272_1252.513_1260.983.wav,sao_paulo,sao_paulo,você passa eles te revistam depois você entra passa por uma por um portão central que ainda é um corredor no fim desse corredor tem o a grade final,/workspace/data/data/inference_data/SP_DID_031_SPEAKER_1_272_1252.513_1260.983.wav,/workspace/data/data/inference_results/SP_DID_031_SPEAKER_1_272_1252.513_1260.983-syntacc-tornado-750Ksteps.wav,/workspace/data/data/inference_results/SP_DID_031_SPEAKER_1_272_1252.513_1260.983-gt.wav,/workspace/data/data/inference_results/SP_DID_031_SPEAKER_1_272_1252.513_1260.983-gt.txt,/workspace/data/checkpoints/YourTTS-Syntacc-PT_NURC-September-02-2026_02+35AM-bf39f425/config.json,/workspace/data/checkpoints/YourTTS-Syntacc-PT_NURC-September-02-2026_02+35AM-bf39f425/checkpoint_750000.pth,syntacc-tornado-750Ksteps.wav
56,SP_DID_031,SP_DID_031_SPEAKER_1_444_2099.883_2108.063.wav,sao_paulo,sao_paulo,então esse chefe de trem é o que fica passeando ci circulando e verificando a ordem verificando se as pessoas estão dormindo se alguém precisa de alguma coisa,/workspace/data/data/inference_data/SP_DID_031_SPEAKER_1_444_2099.883_2108.063.wav,/workspace/data/data/inference_results/SP_DID_031_SPEAKER_1_444_2099.883_2108.063-syntacc-tornado-750Ksteps.wav,/workspace/data/data/inference_results/SP_DID_031_SPEAKER_1_444_2099.883_2108.063-gt.wav,/workspace/data/data/inference_results/SP_DID_031_SPEAKER_1_444_2099.883_2108.063-gt.txt,/workspace/data/checkpoints/YourTTS-Syntacc-PT_NURC-September-02-2026_02+35AM-bf39f425/config.json,/workspace/data/checkpoints/YourTTS-Syntacc-PT_NURC-September-02-2026_02+35AM-bf39f425/checkpoint_750000.pth,syntacc-tornado-750Ksteps.wav
57,SP_DID_031,SP_DID_031_SPEAKER_1_435_2024.253_2030.273.wav,sao_paulo,sao_paulo,parece que os vagões que ficam na parte traseira do trem jogam mais com o efeito das curvas do trem,/workspace/data/data/inference_data/SP_DID_031_SPEAKER_1_435_2024.253_2030.273.wav,/workspace/data/data/inference_results/SP_DID_031_SPEAKER_1_435_2024.253_2030.273-syntacc-tornado-750Ksteps.wav,/workspace/data/data/inference_results/SP_DID_031_SPEAKER_1_435_2024.253_2030.273-gt.wav,/workspace/data/data/inference_results/SP_DID_031_SPEAKER_1_435_2024.253_2030.273-gt.txt,/workspace/data/checkpoints/YourTTS-Syntacc-PT_NURC-September-02-2026_02+35AM-bf39f425/config.json,/workspace/data/checkpoints/YourTTS-Syntacc-PT_NURC-September-02-2026_02+35AM-bf39f425/checkpoint_750000.pth,syntacc-tornado-750Ksteps.wav
58,SP_DID_031,SP_DID_031_SPEAKER_1_375_1743.703_1749.663.wav,sao_paulo,sao_paulo,por exemplo lisboa madri se você for viajar de trem você leva vinte horas viajando,/workspace/data/data/inference_data/SP_DID_031_SPEAKER_1_375_1743.703_1749.663.wav,/workspace/data/data/inference_results/SP_DID_031_SPEAKER_1_375_1743.703_1749.663-syntacc-tornado-750Ksteps.wav,/workspace/data/data/inference_results/SP_DID_031_SPEAKER_1_375_1743.703_1749.663-gt.wav,/workspace/data/data/inference_results/SP_DID_031_SPEAKER_1_375_1743.703_1749.663-gt.txt,/workspace/data/checkpoints/YourTTS-Syntacc-PT_NURC-September-02-2026_02+35AM-bf39f425/config.json,/workspace/data/checkpoints/YourTTS-Syntacc-PT_NURC-September-02-2026_02+35AM-bf39f425/checkpoint_750000.pth,syntacc-tornado-750Ksteps.wav
59,SP_DID_031,SP_DID_031_SPEAKER_1_299_1382.983_1388.363.wav,sao_paulo,sao_paulo,acontece que como não havia espaço para que aquelas poltronas fossem grandes eles fizeram três poltronas pequenas,/workspace/data/data/inference_data/SP_DID_031_SPEAKER_1_299_1382.983_1388.363.wav,/workspace/data/data/inference_results/SP_DID_031_SPEAKER_1_299_1382.983_1388.363-syntacc-tornado-750Ksteps.wav,/workspace/data/data/inference_results/SP_DID_031_SPEAKER_1_299_1382.983_1388.363-gt.wav,/workspace/data/data/inference_results/SP_DID_031_SPEAKER_1_299_1382.983_1388.363-gt.txt,/workspace/data/checkpoints/YourTTS-Syntacc-PT_NURC-September-02-2026_02+35AM-bf39f425/config.json,/workspace/data/checkpoints/YourTTS-Syntacc-PT_NURC-September-02-2026_02+35AM-bf39f425/checkpoint_750000.pth,syntacc-tornado-750Ksteps.wav
60,SP_DID_052,SP_DID_052_SPEAKER_1_441_2243.219_2253.699.wav,sao_paulo,sao_paulo,então na época certa que deve coincidir com algum rio que desemboca em algum lugar que provoca algum degelo alguma coisa então aparecem essas águas misteriosas que depois somem outra vez na areia,/workspace/data/data/inference_data/SP_DID_052_SPEAKER_1_441_2243.219_2253.699.wav,/workspace/data/data/inference_results/SP_DID_052_SPEAKER_1_441_2243.219_2253.699-syntacc-tornado-750Ksteps.wav,/workspace/data/data/inference_results/SP_DID_052_SPEAKER_1_441_2243.219_2253.699-gt.wav,/workspace/data/data/inference_results/SP_DID_052_SPEAKER_1_441_2243.219_2253.699-gt.txt,/workspace/data/checkpoints/YourTTS-Syntacc-PT_NURC-September-02-2026_02+35AM-bf39f425/config.json,/workspace/data/checkpoints/YourTTS-Syntacc-PT_NURC-September-02-2026_02+35AM-bf39f425/checkpoint_750000.pth,syntacc-tornado-750Ksteps.wav
61,SP_DID_052,SP_DID_052_SPEAKER_1_464_2349.529_2357.309.wav,sao_paulo,sao_paulo,e na europa não como tem essa disposição bem nítida de de estação você tem a impressão que até o seu organismo se beneficia,/workspace/data/data/inference_data/SP_DID_052_SPEAKER_1_464_2349.529_2357.309.wav,/workspace/data/data/inference_results/SP_DID_052_SPEAKER_1_464_2349.529_2357.309-syntacc-tornado-750Ksteps.wav,/workspace/data/data/inference_results/SP_DID_052_SPEAKER_1_464_2349.529_2357.309-gt.wav,/workspace/data/data/inference_results/SP_DID_052_SPEAKER_1_464_2349.529_2357.309-gt.txt,/workspace/data/checkpoints/YourTTS-Syntacc-PT_NURC-September-02-2026_02+35AM-bf39f425/config.json,/workspace/data/checkpoints/YourTTS-Syntacc-PT_NURC-September-02-2026_02+35AM-bf39f425/checkpoint_750000.pth,syntacc-tornado-750Ksteps.wav
62,SP_DID_052,SP_DID_052_SPEAKER_1_370_1910.459_1917.579.wav,sao_paulo,sao_paulo,não me deu essa sensação a agora em sensação de tempo eh eu tive uma experiência muito interessante,/workspace/data/data/inference_data/SP_DID_052_SPEAKER_1_370_1910.459_1917.579.wav,/workspace/data/data/inference_results/SP_DID_052_SPEAKER_1_370_1910.459_1917.579-syntacc-tornado-750Ksteps.wav,/workspace/data/data/inference_results/SP_DID_052_SPEAKER_1_370_1910.459_1917.579-gt.wav,/workspace/data/data/inference_results/SP_DID_052_SPEAKER_1_370_1910.459_1917.579-gt.txt,/workspace/data/checkpoints/YourTTS-Syntacc-PT_NURC-September-02-2026_02+35AM-bf39f425/config.json,/workspace/data/checkpoints/YourTTS-Syntacc-PT_NURC-September-02-2026_02+35AM-bf39f425/checkpoint_750000.pth,syntacc-tornado-750Ksteps.wav
63,SP_DID_052,SP_DID_052_SPEAKER_1_567_2751.519_2758.499.wav,sao_paulo,sao_paulo,o centro da espanha é árido o o centro da espanha é todo cor de terra entende,/workspace/data/data/inference_data/SP_DID_052_SPEAKER_1_567_2751.519_2758.499.wav,/workspace/data/data/inference_results/SP_DID_052_SPEAKER_1_567_2751.519_2758.499-syntacc-tornado-750Ksteps.wav,/workspace/data/data/inference_results/SP_DID_052_SPEAKER_1_567_2751.519_2758.499-gt.wav,/workspace/data/data/inference_results/SP_DID_052_SPEAKER_1_567_2751.519_2758.499-gt.txt,/workspace/data/checkpoints/YourTTS-Syntacc-PT_NURC-September-02-2026_02+35AM-bf39f425/config.json,/workspace/data/checkpoints/YourTTS-Syntacc-PT_NURC-September-02-2026_02+35AM-bf39f425/checkpoint_750000.pth,syntacc-tornado-750Ksteps.wav
64,SP_DID_052,SP_DID_052_SPEAKER_1_256_1337.179_1342.589.wav,sao_paulo,sao_paulo,então se põe um cinto diferente ou faz muito contraste ou você não encaixa um tom que combine bem,/workspace/data/data/inference_data/SP_DID_052_SPEAKER_1_256_1337.179_1342.589.wav,/workspace/data/data/inference_results/SP_DID_052_SPEAKER_1_256_1337.179_1342.589-syntacc-tornado-750Ksteps.wav,/workspace/data/data/inference_results/SP_DID_052_SPEAKER_1_256_1337.179_1342.589-gt.wav,/workspace/data/data/inference_results/SP_DID_052_SPEAKER_1_256_1337.179_1342.589-gt.txt,/workspace/data/checkpoints/YourTTS-Syntacc-PT_NURC-September-02-2026_02+35AM-bf39f425/config.json,/workspace/data/checkpoints/YourTTS-Syntacc-PT_NURC-September-02-2026_02+35AM-bf39f425/checkpoint_750000.pth,syntacc-tornado-750Ksteps.wav
65,SP_DID_065,SP_DID_065_SPEAKER_0_595_1976.831_1984.511.wav,sao_paulo,sao_paulo,e quando funde o motor nem sempre precisa trocar isso é uma coisa que que assusta fundir o motor porque trocar o motor todo realmente é caro,/workspace/data/data/inference_data/SP_DID_065_SPEAKER_0_595_1976.831_1984.511.wav,/workspace/data/data/inference_results/SP_DID_065_SPEAKER_0_595_1976.831_1984.511-syntacc-tornado-750Ksteps.wav,/workspace/data/data/inference_results/SP_DID_065_SPEAKER_0_595_1976.831_1984.511-gt.wav,/workspace/data/data/inference_results/SP_DID_065_SPEAKER_0_595_1976.831_1984.511-gt.txt,/workspace/data/checkpoints/YourTTS-Syntacc-PT_NURC-September-02-2026_02+35AM-bf39f425/config.json,/workspace/data/checkpoints/YourTTS-Syntacc-PT_NURC-September-02-2026_02+35AM-bf39f425/checkpoint_750000.pth,syntacc-tornado-750Ksteps.wav
66,SP_DID_065,SP_DID_065_SPEAKER_0_375_1107.421_1114.231.wav,sao_paulo,sao_paulo,então tinha que trocar por um carburador bom e não foi trocado porque é muito mais caro carburador bom,/workspace/data/data/inference_data/SP_DID_065_SPEAKER_0_375_1107.421_1114.231.wav,/workspace/data/data/inference_results/SP_DID_065_SPEAKER_0_375_1107.421_1114.231-syntacc-tornado-750Ksteps.wav,/workspace/data/data/inference_results/SP_DID_065_SPEAKER_0_375_1107.421_1114.231-gt.wav,/workspace/data/data/inference_results/SP_DID_065_SPEAKER_0_375_1107.421_1114.231-gt.txt,/workspace/data/checkpoints/YourTTS-Syntacc-PT_NURC-September-02-2026_02+35AM-bf39f425/config.json,/workspace/data/checkpoints/YourTTS-Syntacc-PT_NURC-September-02-2026_02+35AM-bf39f425/checkpoint_750000.pth,syntacc-tornado-750Ksteps.wav
67,SP_DID_065,SP_DID_065_SPEAKER_0_382_1133.461_1139.861.wav,sao_paulo,sao_paulo,começou outro defeito geralmente quando a gente ia viajar se a gente ia para santos geralmente acontecia esse esse defeito,/workspace/data/data/inference_data/SP_DID_065_SPEAKER_0_382_1133.461_1139.861.wav,/workspace/data/data/inference_results/SP_DID_065_SPEAKER_0_382_1133.461_1139.861-syntacc-tornado-750Ksteps.wav,/workspace/data/data/inference_results/SP_DID_065_SPEAKER_0_382_1133.461_1139.861-gt.wav,/workspace/data/data/inference_results/SP_DID_065_SPEAKER_0_382_1133.461_1139.861-gt.txt,/workspace/data/checkpoints/YourTTS-Syntacc-PT_NURC-September-02-2026_02+35AM-bf39f425/config.json,/workspace/data/checkpoints/YourTTS-Syntacc-PT_NURC-September-02-2026_02+35AM-bf39f425/checkpoint_750000.pth,syntacc-tornado-750Ksteps.wav
68,SP_DID_065,SP_DID_065_SPEAKER_0_130_69.759_75.503.wav,sao_paulo,sao_paulo,eu comecei dirigindo eu não tinha idade para entrar em autoescola então aprendi com meu pai por conta própria porque me interessava aham,/workspace/data/data/inference_data/SP_DID_065_SPEAKER_0_130_69.759_75.503.wav,/workspace/data/data/inference_results/SP_DID_065_SPEAKER_0_130_69.759_75.503-syntacc-tornado-750Ksteps.wav,/workspace/data/data/inference_results/SP_DID_065_SPEAKER_0_130_69.759_75.503-gt.wav,/workspace/data/data/inference_results/SP_DID_065_SPEAKER_0_130_69.759_75.503-gt.txt,/workspace/data/checkpoints/YourTTS-Syntacc-PT_NURC-September-02-2026_02+35AM-bf39f425/config.json,/workspace/data/checkpoints/YourTTS-Syntacc-PT_NURC-September-02-2026_02+35AM-bf39f425/checkpoint_750000.pth,syntacc-tornado-750Ksteps.wav
69,SP_DID_065,SP_DID_065_SPEAKER_0_298_744.522_749.364.wav,sao_paulo,sao_paulo,quiseram telefonar para o meu marido eu falei não deixa eu telefonar senão ele pensa que eu morri né,/workspace/data/data/inference_data/SP_DID_065_SPEAKER_0_298_744.522_749.364.wav,/workspace/data/data/inference_results/SP_DID_065_SPEAKER_0_298_744.522_749.364-syntacc-tornado-750Ksteps.wav,/workspace/data/data/inference_results/SP_DID_065_SPEAKER_0_298_744.522_749.364-gt.wav,/workspace/data/data/inference_results/SP_DID_065_SPEAKER_0_298_744.522_749.364-gt.txt,/workspace/data/checkpoints/YourTTS-Syntacc-PT_NURC-September-02-2026_02+35AM-bf39f425/config.json,/workspace/data/checkpoints/YourTTS-Syntacc-PT_NURC-September-02-2026_02+35AM-bf39f425/checkpoint_750000.pth,syntacc-tornado-750Ksteps.wav
70,SP_DID_102,SP_DID_102_SPEAKER_0_74_257.125_267.613.wav,sao_paulo,sao_paulo,como você disse que a torcida do são paulo é torcida de de último momento de decisão do campeonato e se estiver bem favorável para ele se estiver mais ou menos a torcida já não tem tanto entusiasmo,/workspace/data/data/inference_data/SP_DID_102_SPEAKER_0_74_257.125_267.613.wav,/workspace/data/data/inference_results/SP_DID_102_SPEAKER_0_74_257.125_267.613-syntacc-tornado-750Ksteps.wav,/workspace/data/data/inference_results/SP_DID_102_SPEAKER_0_74_257.125_267.613-gt.wav,/workspace/data/data/inference_results/SP_DID_102_SPEAKER_0_74_257.125_267.613-gt.txt,/workspace/data/checkpoints/YourTTS-Syntacc-PT_NURC-September-02-2026_02+35AM-bf39f425/config.json,/workspace/data/checkpoints/YourTTS-Syntacc-PT_NURC-September-02-2026_02+35AM-bf39f425/checkpoint_750000.pth,syntacc-tornado-750Ksteps.wav
71,SP_DID_102,SP_DID_102_SPEAKER_0_127_626.263_635.038.wav,sao_paulo,sao_paulo,tanto que hoje em dia três a zero é goleada e há uns tempos atrás eu acompanho o futebol desde moleque três a um era o resultado clássico de qualquer joguinho,/workspace/data/data/inference_data/SP_DID_102_SPEAKER_0_127_626.263_635.038.wav,/workspace/data/data/inference_results/SP_DID_102_SPEAKER_0_127_626.263_635.038-syntacc-tornado-750Ksteps.wav,/workspace/data/data/inference_results/SP_DID_102_SPEAKER_0_127_626.263_635.038-gt.wav,/workspace/data/data/inference_results/SP_DID_102_SPEAKER_0_127_626.263_635.038-gt.txt,/workspace/data/checkpoints/YourTTS-Syntacc-PT_NURC-September-02-2026_02+35AM-bf39f425/config.json,/workspace/data/checkpoints/YourTTS-Syntacc-PT_NURC-September-02-2026_02+35AM-bf39f425/checkpoint_750000.pth,syntacc-tornado-750Ksteps.wav
72,SP_DID_102,SP_DID_102_SPEAKER_0_295_1517.579_1525.059.wav,sao_paulo,sao_paulo,diz até que com essa prática pode sarar de asma bronquite e outras coisas que são deficiência da forma da pessoa respirar,/workspace/data/data/inference_data/SP_DID_102_SPEAKER_0_295_1517.579_1525.059.wav,/workspace/data/data/inference_results/SP_DID_102_SPEAKER_0_295_1517.579_1525.059-syntacc-tornado-750Ksteps.wav,/workspace/data/data/inference_results/SP_DID_102_SPEAKER_0_295_1517.579_1525.059-gt.wav,/workspace/data/data/inference_results/SP_DID_102_SPEAKER_0_295_1517.579_1525.059-gt.txt,/workspace/data/checkpoints/YourTTS-Syntacc-PT_NURC-September-02-2026_02+35AM-bf39f425/config.json,/workspace/data/checkpoints/YourTTS-Syntacc-PT_NURC-September-02-2026_02+35AM-bf39f425/checkpoint_750000.pth,syntacc-tornado-750Ksteps.wav
73,SP_DID_102,SP_DID_102_SPEAKER_0_152_728.051_733.856.wav,sao_paulo,sao_paulo,a gente corria com bicicleta emprestada até um certo ponto e de um ponto para frente teria que ser bicicleta da gente,/workspace/data/data/inference_data/SP_DID_102_SPEAKER_0_152_728.051_733.856.wav,/workspace/data/data/inference_results/SP_DID_102_SPEAKER_0_152_728.051_733.856-syntacc-tornado-750Ksteps.wav,/workspace/data/data/inference_results/SP_DID_102_SPEAKER_0_152_728.051_733.856-gt.wav,/workspace/data/data/inference_results/SP_DID_102_SPEAKER_0_152_728.051_733.856-gt.txt,/workspace/data/checkpoints/YourTTS-Syntacc-PT_NURC-September-02-2026_02+35AM-bf39f425/config.json,/workspace/data/checkpoints/YourTTS-Syntacc-PT_NURC-September-02-2026_02+35AM-bf39f425/checkpoint_750000.pth,syntacc-tornado-750Ksteps.wav
74,SP_DID_102,SP_DID_102_SPEAKER_0_195_985.951_991.494.wav,sao_paulo,sao_paulo,geralmente eles dividem o campo em duas partes um que defende a frente e outro que defende o fundo,/workspace/data/data/inference_data/SP_DID_102_SPEAKER_0_195_985.951_991.494.wav,/workspace/data/data/inference_results/SP_DID_102_SPEAKER_0_195_985.951_991.494-syntacc-tornado-750Ksteps.wav,/workspace/data/data/inference_results/SP_DID_102_SPEAKER_0_195_985.951_991.494-gt.wav,/workspace/data/data/inference_results/SP_DID_102_SPEAKER_0_195_985.951_991.494-gt.txt,/workspace/data/checkpoints/YourTTS-Syntacc-PT_NURC-September-02-2026_02+35AM-bf39f425/config.json,/workspace/data/checkpoints/YourTTS-Syntacc-PT_NURC-September-02-2026_02+35AM-bf39f425/checkpoint_750000.pth,syntacc-tornado-750Ksteps.wav
75,SP_DID_110,SP_DID_110_SPEAKER_0_115_409.901_417.967.wav,sao_paulo,sao_paulo,possibilidade de transporte de maior número de pessoas que não é o caso mas sempre em linhas gerais apresenta essa vantagem,/workspace/data/data/inference_data/SP_DID_110_SPEAKER_0_115_409.901_417.967.wav,/workspace/data/data/inference_results/SP_DID_110_SPEAKER_0_115_409.901_417.967-syntacc-tornado-750Ksteps.wav,/workspace/data/data/inference_results/SP_DID_110_SPEAKER_0_115_409.901_417.967-gt.wav,/workspace/data/data/inference_results/SP_DID_110_SPEAKER_0_115_409.901_417.967-gt.txt,/workspace/data/checkpoints/YourTTS-Syntacc-PT_NURC-September-02-2026_02+35AM-bf39f425/config.json,/workspace/data/checkpoints/YourTTS-Syntacc-PT_NURC-September-02-2026_02+35AM-bf39f425/checkpoint_750000.pth,syntacc-tornado-750Ksteps.wav
76,SP_DID_110,SP_DID_110_SPEAKER_0_286_1679.878_1687.488.wav,sao_paulo,sao_paulo,se for alguma vela que esteja suja então é fácil desemparafusar a vela limpar e recolocar,/workspace/data/data/inference_data/SP_DID_110_SPEAKER_0_286_1679.878_1687.488.wav,/workspace/data/data/inference_results/SP_DID_110_SPEAKER_0_286_1679.878_1687.488-syntacc-tornado-750Ksteps.wav,/workspace/data/data/inference_results/SP_DID_110_SPEAKER_0_286_1679.878_1687.488-gt.wav,/workspace/data/data/inference_results/SP_DID_110_SPEAKER_0_286_1679.878_1687.488-gt.txt,/workspace/data/checkpoints/YourTTS-Syntacc-PT_NURC-September-02-2026_02+35AM-bf39f425/config.json,/workspace/data/checkpoints/YourTTS-Syntacc-PT_NURC-September-02-2026_02+35AM-bf39f425/checkpoint_750000.pth,syntacc-tornado-750Ksteps.wav
77,SP_DID_110,SP_DID_110_SPEAKER_0_128_534.867_541.772.wav,sao_paulo,sao_paulo,esse é um diferencial de poucos centímetros e de um carro grande é de um metro e tanto dois metros em geral de comprimento,/workspace/data/data/inference_data/SP_DID_110_SPEAKER_0_128_534.867_541.772.wav,/workspace/data/data/inference_results/SP_DID_110_SPEAKER_0_128_534.867_541.772-syntacc-tornado-750Ksteps.wav,/workspace/data/data/inference_results/SP_DID_110_SPEAKER_0_128_534.867_541.772-gt.wav,/workspace/data/data/inference_results/SP_DID_110_SPEAKER_0_128_534.867_541.772-gt.txt,/workspace/data/checkpoints/YourTTS-Syntacc-PT_NURC-September-02-2026_02+35AM-bf39f425/config.json,/workspace/data/checkpoints/YourTTS-Syntacc-PT_NURC-September-02-2026_02+35AM-bf39f425/checkpoint_750000.pth,syntacc-tornado-750Ksteps.wav
78,SP_DID_110,SP_DID_110_SPEAKER_0_360_2198.848_2205.728.wav,sao_paulo,sao_paulo,aqueles vagões que transportam mercadorias muitas vezes transportam gado e são totalmente fechados,/workspace/data/data/inference_data/SP_DID_110_SPEAKER_0_360_2198.848_2205.728.wav,/workspace/data/data/inference_results/SP_DID_110_SPEAKER_0_360_2198.848_2205.728-syntacc-tornado-750Ksteps.wav,/workspace/data/data/inference_results/SP_DID_110_SPEAKER_0_360_2198.848_2205.728-gt.wav,/workspace/data/data/inference_results/SP_DID_110_SPEAKER_0_360_2198.848_2205.728-gt.txt,/workspace/data/checkpoints/YourTTS-Syntacc-PT_NURC-September-02-2026_02+35AM-bf39f425/config.json,/workspace/data/checkpoints/YourTTS-Syntacc-PT_NURC-September-02-2026_02+35AM-bf39f425/checkpoint_750000.pth,syntacc-tornado-750Ksteps.wav
79,SP_DID_110,SP_DID_110_SPEAKER_0_188_986.37_992.116.wav,sao_paulo,sao_paulo,e no ônibus tem essa facilidade de poder travar amizade com o vizinho de banco,/workspace/data/data/inference_data/SP_DID_110_SPEAKER_0_188_986.37_992.116.wav,/workspace/data/data/inference_results/SP_DID_110_SPEAKER_0_188_986.37_992.116-syntacc-tornado-750Ksteps.wav,/workspace/data/data/inference_results/SP_DID_110_SPEAKER_0_188_986.37_992.116-gt.wav,/workspace/data/data/inference_results/SP_DID_110_SPEAKER_0_188_986.37_992.116-gt.txt,/workspace/data/checkpoints/YourTTS-Syntacc-PT_NURC-September-02-2026_02+35AM-bf39f425/config.json,/workspace/data/checkpoints/YourTTS-Syntacc-PT_NURC-September-02-2026_02+35AM-bf39f425/checkpoint_750000.pth,syntacc-tornado-750Ksteps.wav
